Ruta,TypRuta,Provyta,Delyta,Avst1,Rikt1,Avst2,Rikt2,Avst3,Rikt3,Avst4,Rikt4,Avst5,Rikt5,Avst6,Rikt6,Avst7,Rikt7,Avst8,Rikt8
1,1,70,2,100,150,100,233,-2,-1,-2,-1,-2,-1,-2,-1,-2,-1,-2,-1
1,1,83,1,100,196,100,95,-2,-1,-2,-1,-2,-1,-2,-1,-2,-1,-2,-1
2,1,52,2,100,5,100,206,-2,-1,-2,-1,-2,-1,-2,-1,-2,-1,-2,-1
2,1,61,1,100,250,84,257,100,291,-2,-1,-2,-1,-2,-1,-2,-1,-2,-1
2,1,62,2,100,348,100,240,-2,-1,-2,-1,-2,-1,-2,-1,-2,-1,-2,-1
3,1,62,1,100,215,100,112,-2,-1,-1,-1,-1,-1,-1,-1,-1,-1,-1,-1
3,1,62,1,100,215,100,112,-2,-1,-2,-1,-2,-1,-2,-1,-2,-1,-2,-1
4,1,5,2,100,106,100,258,-2,-1,-2,-1,-2,-1,-2,-1,-2,-1,-2,-1
4,1,5,2,100,106,100,258,-2,-1,-1,-1,-1,-1,-1,-1,-1,-1,-1,-1
4,1,8,1,100,240,33,228,59,178,100,79,-2,-1,-2,-1,-2,-1,-2,-1
4,1,8,1,100,240,33,228,59,178,100,79,-2,-1,-1,-1,-1,-1,-1,-1
4,1,9,1,100,232,26,315,100,122,NULL,NULL,NULL,NULL,NULL,NULL,NULL,NULL,NULL,NULL
4,1,9,1,100,232,26,315,100,122,-2,-1,-2,-1,-2,-1,-2,-1,-2,-1
4,1,51,1,100,251,41,239,45,134,100,135,-2,-1,-2,-1,-2,-1,-2,-1
4,1,51,1,100,251,41,239,45,134,100,135,-2,-1,-1,-1,-1,-1,-1,-1
4,1,53,2,100,132,29,169,27,282,82,273,100,252,-2,-1,-1,-1,-1,-1
4,1,53,2,100,132,29,169,27,282,82,273,100,252,-2,-1,-2,-1,-2,-1
4,1,55,1,100,305,20,328,40,134,100,157,-2,-1,-2,-1,-2,-1,-2,-1
4,1,55,1,100,305,20,328,40,134,100,157,-2,-1,-1,-1,-1,-1,-1,-1
4,1,55,2,100,305,20,328,40,134,100,157,100,173,34,263,100,284,-2,-1
4,1,55,2,100,305,20,328,40,134,100,157,100,173,34,263,100,284,-2,-1
4,1,60,1,100,317,35,1,23,208,100,152,-2,-1,-1,-1,-1,-1,-1,-1
4,1,60,1,100,317,35,1,23,208,100,152,-2,-1,-2,-1,-2,-1,-2,-1
4,1,60,3,100,94,35,1,100,317,-2,-1,-1,-1,-1,-1,-1,-1,-1,-1
4,1,60,3,100,94,35,1,100,317,-2,-1,-2,-1,-2,-1,-2,-1,-2,-1
4,1,74,1,100,316,43,211,100,161,-2,-1,-2,-1,-2,-1,-2,-1,-2,-1
4,1,75,1,100,346,100,134,-2,-1,-2,-1,-2,-1,-2,-1,-2,-1,-2,-1
4,1,75,1,100,346,100,134,-2,-1,-1,-1,-1,-1,-1,-1,-1,-1,-1,-1
4,1,80,2,100,159,9,262,100,349,-2,-1,-1,-1,-1,-1,-1,-1,-1,-1
4,1,80,2,100,159,9,262,100,349,-2,-1,-2,-1,-2,-1,-2,-1,-2,-1
4,1,82,2,100,159,54,122,100,100,-2,-1,-2,-1,-2,-1,-2,-1,-2,-1
4,1,82,2,100,159,54,122,100,100,-2,-1,-1,-1,-1,-1,-1,-1,-1,-1
4,1,245,1,100,247,100,134,-2,-1,-2,-1,-2,-1,-2,-1,-2,-1,-2,-1
4,1,285,2,100,48,75,54,48,299,100,254,-2,-1,-2,-1,-2,-1,-2,-1
4,1,293,1,100,280,34,336,100,176,-2,-1,-2,-1,-2,-1,-2,-1,-2,-1
4,1,313,2,100,345,52,5,63,192,100,214,-2,-1,-2,-1,-2,-1,-2,-1
4,1,324,1,100,13,18,344,100,167,-2,-1,-2,-1,-2,-1,-2,-1,-2,-1
5,1,3,1,100,260,100,90,-1,-1,-1,-1,-1,-1,NULL,NULL,NULL,NULL,NULL,NULL
5,1,3,1,100,260,100,90,NULL,NULL,NULL,NULL,NULL,NULL,NULL,NULL,NULL,NULL,NULL,NULL
5,1,11,1,100,355,65,66,100,66,-1,-1,-1,-1,NULL,NULL,NULL,NULL,NULL,NULL
5,1,11,1,100,355,65,66,100,66,NULL,NULL,NULL,NULL,NULL,NULL,NULL,NULL,NULL,NULL
5,1,57,1,100,185,31,176,25,139,100,54,-2,-1,-2,-1,-2,-1,-2,-1
5,1,61,2,100,164,100,270,-2,-1,-2,-1,-2,-1,-2,-1,-2,-1,-2,-1
5,1,62,2,100,118,35,22,100,310,-2,-1,-2,-1,-2,-1,-2,-1,-2,-1
5,1,63,2,100,165,54,172,54,215,24,342,74,95,100,50,-2,-1,-2,-1
5,1,80,1,100,59,100,175,-2,-1,-2,-1,-2,-1,-2,-1,-2,-1,-2,-1
6,1,5,1,100,213,100,85,-2,-1,-2,-1,-2,-1,-2,-1,-2,-1,-2,-1
6,1,5,1,100,213,100,85,-2,-1,-2,-1,-2,-1,-2,-1,-2,-1,-2,-1
6,1,50,1,100,211,100,293,-2,-1,-2,-1,-2,-1,-2,-1,-2,-1,-2,-1
6,1,50,1,100,211,100,293,-2,-1,-1,-1,-1,-1,-1,-1,-1,-1,-1,-1
6,1,53,1,100,212,100,100,-2,-1,-1,-1,-1,-1,-1,-1,-1,-1,-1,-1
6,1,53,1,100,212,100,100,-2,-1,-2,-1,-2,-1,-2,-1,-2,-1,-2,-1
6,1,60,1,100,250,100,132,-2,-1,-2,-1,-2,-1,-2,-1,-2,-1,-2,-1
6,1,60,1,100,250,100,132,-2,-1,-2,-1,-2,-1,-2,-1,-2,-1,-2,-1
6,1,229,1,100,21,100,152,-2,-1,-2,-1,-2,-1,-2,-1,-2,-1,-2,-1
8,1,1,1,100,268,40,266,22,220,32,180,100,131,-2,-1,-1,-1,-1,-1
8,1,1,1,100,268,40,266,22,220,32,180,100,131,-2,-1,-1,-1,-1,-1
8,1,6,1,100,219,100,289,-2,-1,-1,-1,-1,-1,-1,-1,-1,-1,-1,-1
8,1,6,1,100,219,100,289,-2,-1,-1,-1,-1,-1,-1,-1,-1,-1,-1,-1
8,1,9,2,100,323,100,225,-2,-1,-1,-1,-1,-1,-1,-1,-1,-1,-1,-1
8,1,9,2,100,323,100,225,-2,-1,-1,-1,-1,-1,-1,-1,-1,-1,-1,-1
8,1,63,2,100,163,100,45,-2,-1,-2,-1,-2,-1,-2,-1,-2,-1,-2,-1
8,1,63,3,100,340,100,220,-2,-1,-2,-1,-2,-1,-2,-1,-2,-1,-2,-1
9,1,1,2,100,173,69,179,100,125,-2,-1,-1,-1,-1,-1,-1,-1,-1,-1
9,1,1,2,100,173,69,179,100,125,-2,-1,-1,-1,-1,-1,-1,-1,-1,-1
9,1,1,3,100,125,69,179,100,342,-2,-1,-1,-1,-1,-1,-1,-1,-1,-1
9,1,1,3,100,125,69,179,100,342,-2,-1,-1,-1,-1,-1,-1,-1,-1,-1
9,1,2,1,100,223,42,238,15,45,78,42,100,28,-2,-1,-1,-1,-1,-1
9,1,2,1,100,223,42,238,15,45,78,42,100,28,-2,-1,-1,-1,-1,-1
9,1,7,1,100,241,26,118,100,94,-2,-1,-1,-1,-1,-1,-1,-1,-1,-1
9,1,7,1,100,241,26,118,100,94,-2,-1,-1,-1,-1,-1,-1,-1,-1,-1
9,1,8,2,100,98,100,245,-2,-1,-1,-1,-1,-1,-1,-1,-1,-1,-1,-1
9,1,8,2,100,98,100,245,-2,-1,-1,-1,-1,-1,-1,-1,-1,-1,-1,-1
9,1,50,1,100,235,100,71,-2,-1,-2,-1,-2,-1,-2,-1,-2,-1,-2,-1
9,1,51,2,100,142,100,359,-2,-1,-2,-1,-2,-1,-2,-1,-2,-1,-2,-1
9,1,61,1,100,221,29,96,100,26,-2,-1,-2,-1,-2,-1,-2,-1,-2,-1
9,1,62,2,100,126,23,264,100,306,-2,-1,-2,-1,-2,-1,-2,-1,-2,-1
9,1,70,1,100,351,100,156,-2,-1,-2,-1,-2,-1,-2,-1,-2,-1,-2,-1
9,1,71,1,100,293,100,18,-2,-1,-2,-1,-2,-1,-2,-1,-2,-1,-2,-1
9,1,73,1,100,344,100,166,-2,-1,-2,-1,-2,-1,-2,-1,-2,-1,-2,-1
10,1,3,2,100,139,100,10,-1,-1,-1,-1,-1,-1,NULL,NULL,NULL,NULL,NULL,NULL
10,1,3,2,100,139,100,10,NULL,NULL,NULL,NULL,NULL,NULL,NULL,NULL,NULL,NULL,NULL,NULL
10,1,7,1,100,86,100,162,-1,-1,-1,-1,-1,-1,NULL,NULL,NULL,NULL,NULL,NULL
10,1,7,1,100,86,100,162,NULL,NULL,NULL,NULL,NULL,NULL,NULL,NULL,NULL,NULL,NULL,NULL
10,1,9,2,100,80,100,248,100,321,100,46,-2,-1,-2,-1,-2,-1,-2,-1
10,1,9,2,100,80,100,248,100,321,100,46,NULL,NULL,NULL,NULL,NULL,NULL,NULL,NULL
10,1,12,2,100,143,27,255,100,33,-1,-1,-1,-1,NULL,NULL,NULL,NULL,NULL,NULL
10,1,12,2,100,143,27,255,100,33,NULL,NULL,NULL,NULL,NULL,NULL,NULL,NULL,NULL,NULL
10,1,15,2,100,122,100,304,NULL,NULL,NULL,NULL,NULL,NULL,NULL,NULL,NULL,NULL,NULL,NULL
10,0,53,1,100,243,83,62,100,69,-2,-1,-1,-1,-1,-1,-1,-1,-1,-1
10,1,53,1,100,243,83,62,100,69,-2,-1,-2,-1,-2,-1,-2,-1,-2,-1
10,1,60,1,100,261,100,160,-2,-1,-2,-1,-2,-1,-2,-1,-2,-1,-2,-1
10,1,60,1,100,261,100,160,-2,-1,-2,-1,-2,-1,-2,-1,-2,-1,-2,-1
10,0,86,2,100,113,19,110,100,342,-2,-1,-1,-1,-1,-1,-1,-1,-1,-1
10,1,86,2,100,113,19,110,100,342,-2,-1,-2,-1,-2,-1,-2,-1,-2,-1
11,1,51,1,100,187,100,62,-2,-1,-2,-1,-2,-1,-2,-1,-2,-1,-2,-1
11,1,62,1,100,306,37,145,100,128,-2,-1,-2,-1,-2,-1,-2,-1,-2,-1
11,1,70,1,100,253,100,126,-2,-1,-2,-1,-2,-1,-2,-1,-2,-1,-2,-1
11,1,73,2,100,132,100,6,-2,-1,-2,-1,-2,-1,-2,-1,-2,-1,-2,-1
12,1,3,1,100,300,76,296,30,227,100,141,-2,-1,-2,-1,-2,-1,-2,-1
12,1,3,1,100,300,76,296,30,227,100,141,-2,-1,-1,-1,-1,-1,-1,-1
12,1,3,3,100,67,77,39,76,296,100,300,-2,-1,-1,-1,-1,-1,-1,-1
12,1,3,3,100,67,77,39,76,296,100,300,-2,-1,-2,-1,-2,-1,-2,-1
12,1,5,1,100,257,100,142,-2,-1,-2,-1,-2,-1,-2,-1,-2,-1,-2,-1
12,1,5,1,100,257,100,142,-2,-1,-1,-1,-1,-1,-1,-1,-1,-1,-1,-1
12,1,55,2,100,33,100,325,-2,-1,-2,-1,-2,-1,-2,-1,-2,-1,-2,-1
12,1,55,2,100,33,100,325,-2,-1,-2,-1,-2,-1,-2,-1,-2,-1,-2,-1
12,1,60,1,100,245,100,110,-2,-1,-1,-1,-1,-1,-1,-1,-1,-1,-1,-1
12,1,60,1,100,245,100,110,-2,-1,-2,-1,-2,-1,-2,-1,-2,-1,-2,-1
12,1,62,2,100,172,100,345,-2,-1,-1,-1,-1,-1,-1,-1,-1,-1,-1,-1
12,1,62,2,100,172,100,345,-2,-1,-2,-1,-2,-1,-2,-1,-2,-1,-2,-1
12,1,82,2,100,147,70,176,52,204,54,248,82,298,100,319,-2,-1,-2,-1
12,1,82,2,100,147,70,176,52,204,54,248,82,298,100,319,-2,-1,-2,-1
12,1,283,1,100,33,72,360,100,175,-2,-1,-2,-1,-2,-1,-2,-1,-2,-1
13,1,7,1,100,217,100,112,-2,-1,-2,-1,-2,-1,-2,-1,-2,-1,-2,-1
13,1,7,1,100,217,100,112,NULL,NULL,NULL,NULL,NULL,NULL,NULL,NULL,NULL,NULL,NULL,NULL
13,1,7,3,100,322,80,312,100,269,NULL,NULL,NULL,NULL,NULL,NULL,NULL,NULL,NULL,NULL
13,1,7,3,100,322,80,312,100,269,-2,-1,-2,-1,-2,-1,-2,-1,-2,-1
13,1,7,4,100,85,35,81,100,1,-2,-1,-2,-1,-2,-1,-2,-1,-2,-1
13,1,7,4,100,85,35,81,100,1,NULL,NULL,NULL,NULL,NULL,NULL,NULL,NULL,NULL,NULL
13,1,8,2,100,44,73,51,100,277,NULL,NULL,NULL,NULL,NULL,NULL,NULL,NULL,NULL,NULL
13,1,8,2,100,44,73,51,100,277,-2,-1,-2,-1,-2,-1,-2,-1,-2,-1
13,1,50,1,100,255,100,150,-2,-1,-2,-1,-2,-1,-2,-1,-2,-1,-2,-1
13,1,50,3,100,20,42,185,100,275,-2,-1,-2,-1,-2,-1,-2,-1,-2,-1
13,1,61,1,100,35,61,45,67,85,100,95,-2,-1,-2,-1,-2,-1,-2,-1
13,1,62,1,100,186,100,330,-2,-1,-2,-1,-2,-1,-2,-1,-2,-1,-2,-1
13,1,63,2,100,110,100,360,-2,-1,-2,-1,-2,-1,-2,-1,-2,-1,-2,-1
14,1,9,2,100,168,100,13,-2,-1,-2,-1,-2,-1,-2,-1,-2,-1,-2,-1
14,1,9,2,100,168,100,13,-2,-1,-1,-1,-1,-1,-1,-1,-1,-1,-1,-1
14,1,50,2,100,350,100,209,-2,-1,-2,-1,-2,-1,-2,-1,-2,-1,-2,-1
14,1,50,2,100,350,100,209,-2,-1,-1,-1,-1,-1,-1,-1,-1,-1,-1,-1
14,1,53,1,100,205,100,15,-2,-1,-1,-1,-1,-1,-1,-1,-1,-1,-1,-1
14,1,53,1,100,205,100,15,-2,-1,-2,-1,-2,-1,-2,-1,-2,-1,-2,-1
14,1,219,1,100,333,100,139,-2,-1,-2,-1,-2,-1,-2,-1,-2,-1,-2,-1
14,1,237,1,100,45,11,64,100,150,-2,-1,-2,-1,-2,-1,-2,-1,-2,-1
14,1,295,2,100,74,100,192,-2,-1,-2,-1,-2,-1,-2,-1,-2,-1,-2,-1
14,1,334,2,100,66,100,275,-2,-1,-2,-1,-2,-1,-2,-1,-2,-1,-2,-1
14,1,354,2,100,70,100,244,-2,-1,-2,-1,-2,-1,-2,-1,-2,-1,-2,-1
14,1,398,2,100,150,100,18,-2,-1,-2,-1,-2,-1,-2,-1,-2,-1,-2,-1
14,1,398,3,100,342,100,216,-2,-1,-2,-1,-2,-1,-2,-1,-2,-1,-2,-1
15,1,6,2,100,85,100,329,-2,-1,-1,-1,-1,-1,-1,-1,-1,-1,-1,-1
15,1,6,2,100,85,100,329,-2,-1,-1,-1,-1,-1,-1,-1,-1,-1,-1,-1
15,1,11,1,100,192,19,282,100,15,-2,-1,-1,-1,-1,-1,-1,-1,-1,-1
15,1,11,1,100,192,19,282,100,15,-2,-1,-1,-1,-1,-1,-1,-1,-1,-1
15,1,12,1,100,319,54,13,100,48,-2,-1,-1,-1,-1,-1,-1,-1,-1,-1
15,1,12,1,100,319,54,13,100,48,-2,-1,-1,-1,-1,-1,-1,-1,-1,-1
15,1,50,1,100,249,74,120,100,110,-2,-1,-2,-1,-2,-1,-2,-1,-2,-1
15,1,50,2,100,353,65,313,74,120,100,249,-2,-1,-2,-1,-2,-1,-2,-1
15,1,51,1,100,226,78,291,100,26,-2,-1,-2,-1,-2,-1,-2,-1,-2,-1
15,1,52,1,100,347,100,83,-2,-1,-2,-1,-2,-1,-2,-1,-2,-1,-2,-1
15,1,53,1,100,300,100,46,-2,-1,-2,-1,-2,-1,-2,-1,-2,-1,-2,-1
15,1,221,2,100,68,79,245,100,234,-2,-1,-2,-1,-2,-1,-2,-1,-2,-1
15,1,226,2,100,351,100,196,-2,-1,-2,-1,-2,-1,-2,-1,-2,-1,-2,-1
15,1,235,2,100,9,100,245,-2,-1,-2,-1,-2,-1,-2,-1,-2,-1,-2,-1
15,1,242,2,100,62,57,303,100,244,-2,-1,-2,-1,-2,-1,-2,-1,-2,-1
15,1,258,2,100,178,21,123,100,47,-2,-1,-2,-1,-2,-1,-2,-1,-2,-1
15,1,258,3,100,47,21,123,100,314,-2,-1,-2,-1,-2,-1,-2,-1,-2,-1
15,1,265,1,100,260,100,155,-2,-1,-2,-1,-2,-1,-2,-1,-2,-1,-2,-1
15,1,272,2,100,162,56,205,45,120,100,44,-2,-1,-2,-1,-2,-1,-2,-1
15,1,308,1,100,221,100,115,-2,-1,-2,-1,-2,-1,-2,-1,-2,-1,-2,-1
15,1,308,3,100,23,100,284,-2,-1,-2,-1,-2,-1,-2,-1,-2,-1,-2,-1
15,1,368,1,100,294,100,91,-2,-1,-2,-1,-2,-1,-2,-1,-2,-1,-2,-1
16,1,4,1,100,30,26,68,100,84,-2,-1,-2,-1,-2,-1,-2,-1,-2,-1
16,1,4,1,100,30,26,68,100,84,-2,-1,-1,-1,-1,-1,-1,-1,-1,-1
16,1,6,1,100,72,100,163,-2,-1,-1,-1,-1,-1,-1,-1,-1,-1,-1,-1
16,1,6,1,100,72,100,163,-2,-1,-2,-1,-2,-1,-2,-1,-2,-1,-2,-1
16,1,9,2,100,21,100,198,-2,-1,-1,-1,-1,-1,-1,-1,-1,-1,-1,-1
16,1,9,2,100,21,100,198,-2,-1,-2,-1,-2,-1,-2,-1,-2,-1,-2,-1
16,1,52,1,100,305,78,309,54,332,100,94,-2,-1,-2,-1,-2,-1,-2,-1
16,1,52,1,100,305,78,309,54,332,100,94,-2,-1,-1,-1,-1,-1,-1,-1
16,1,73,2,100,116,100,305,-2,-1,-1,-1,-1,-1,-1,-1,-1,-1,-1,-1
16,1,73,2,100,116,100,305,-2,-1,-2,-1,-2,-1,-2,-1,-2,-1,-2,-1
17,1,9,1,100,203,100,35,-1,-2,-1,-2,-1,-2,-1,-2,-1,-2,-1,-2
17,1,9,1,100,203,100,35,-1,-2,-1,-2,-1,-2,-1,-2,-1,-2,-1,-2
17,1,9,3,100,349,100,241,-1,-2,-1,-2,-1,-2,-1,-2,-1,-2,-1,-2
17,1,9,3,100,349,100,241,-1,-2,-1,-2,-1,-2,-1,-2,-1,-2,-1,-2
18,1,50,2,100,173,5,19,92,23,100,52,-2,-1,-1,-1,-1,-1,-1,-1
18,1,50,2,100,173,5,19,92,23,100,52,-2,-1,-2,-1,-2,-1,-2,-1
18,1,50,3,100,3,39,327,80,292,87,260,34,249,45,210,100,211,-2,-1
18,1,50,3,100,3,39,327,80,292,87,260,34,249,45,210,100,211,-2,-1
18,1,261,2,100,30,100,208,-2,-1,-2,-1,-2,-1,-2,-1,-2,-1,-2,-1
18,1,303,2,100,72,25,68,100,8,-2,-1,-2,-1,-2,-1,-2,-1,-2,-1
18,1,325,1,100,278,0,360,85,177,100,120,-2,-1,-2,-1,-2,-1,-2,-1
18,1,343,2,100,72,100,298,-2,-1,-2,-1,-2,-1,-2,-1,-2,-1,-2,-1
19,1,2,1,100,181,41,125,30,76,100,43,-2,-1,-2,-1,-2,-1,-2,-1
19,1,2,1,100,181,41,125,30,76,100,43,-2,-1,-1,-1,-1,-1,-1,-1
19,1,8,1,100,226,47,277,86,324,100,343,-2,-1,-1,-1,-1,-1,-1,-1
19,1,8,1,100,226,47,277,86,324,100,343,-2,-1,-2,-1,-2,-1,-2,-1
19,1,9,1,100,259,63,167,65,131,100,118,-2,-1,-2,-1,-2,-1,-2,-1
19,1,9,1,100,259,63,167,65,131,100,118,-2,-1,-1,-1,-1,-1,-1,-1
19,1,51,1,100,260,100,112,-2,-1,-2,-1,-2,-1,-2,-1,-2,-1,-2,-1
19,1,51,1,100,260,100,112,-2,-1,-1,-1,-1,-1,-1,-1,-1,-1,-1,-1
19,1,52,2,100,104,100,260,-2,-1,-2,-1,-2,-1,-2,-1,-2,-1,-2,-1
19,1,52,2,100,104,100,260,-2,-1,-1,-1,-1,-1,-1,-1,-1,-1,-1,-1
19,1,350,2,100,133,100,357,-2,-1,-2,-1,-2,-1,-2,-1,-2,-1,-2,-1
20,1,2,1,100,51,100,168,-2,-1,-1,-1,-1,-1,-1,-1,-1,-1,-1,-1
20,1,2,1,100,51,100,168,-2,-1,-1,-1,-1,-1,-1,-1,-1,-1,-1,-1
20,1,3,2,100,73,75,240,100,223,-2,-1,-1,-1,-1,-1,-1,-1,-1,-1
20,1,3,2,100,73,75,240,100,223,-2,-1,-1,-1,-1,-1,-1,-1,-1,-1
20,1,4,1,100,256,100,324,-2,-1,-1,-1,-1,-1,-1,-1,-1,-1,-1,-1
20,1,4,1,100,256,100,324,-2,-1,-1,-1,-1,-1,-1,-1,-1,-1,-1,-1
20,1,5,1,100,206,68,269,100,321,-2,-1,-1,-1,-1,-1,-1,-1,-1,-1
20,1,5,1,100,206,68,269,100,321,-2,-1,-1,-1,-1,-1,-1,-1,-1,-1
20,1,7,1,100,217,100,124,-2,-1,-1,-1,-1,-1,-1,-1,-1,-1,-1,-1
20,1,7,1,100,217,100,124,-2,-1,-1,-1,-1,-1,-1,-1,-1,-1,-1,-1
20,1,7,3,100,112,100,318,-2,-1,-1,-1,-1,-1,-1,-1,-1,-1,-1,-1
20,1,7,3,100,112,100,318,-2,-1,-1,-1,-1,-1,-1,-1,-1,-1,-1,-1
20,1,60,2,100,88,67,63,100,314,-2,-1,-2,-1,-2,-1,-2,-1,-2,-1
20,1,61,1,100,264,100,87,-2,-1,-2,-1,-2,-1,-2,-1,-2,-1,-2,-1
21,0,60,2,100,142,100,43,-2,-1,-1,-1,-1,-1,-1,-1,-1,-1,-1,-1
21,1,60,2,100,142,100,43,-2,-1,-2,-1,-2,-1,-2,-1,-2,-1,-2,-1
21,0,61,2,100,152,16,77,100,2,-2,-1,-1,-1,-1,-1,-1,-1,-1,-1
21,1,61,2,100,152,16,77,100,2,-2,-1,-2,-1,-2,-1,-2,-1,-2,-1
21,1,72,1,100,221,100,352,-2,-1,-2,-1,-2,-1,-2,-1,-2,-1,-2,-1
21,1,72,1,100,221,100,352,-2,-1,-2,-1,-2,-1,-2,-1,-2,-1,-2,-1
21,0,77,2,100,82,100,221,-2,-1,-1,-1,-1,-1,-1,-1,-1,-1,-1,-1
21,1,77,2,100,82,100,221,-2,-1,-2,-1,-2,-1,-2,-1,-2,-1,-2,-1
21,1,363,1,100,39,100,207,-2,-1,-2,-1,-2,-1,-2,-1,-2,-1,-2,-1
22,1,4,1,100,18,100,118,-2,-1,-1,-1,-1,-1,-1,-1,-1,-1,-1,-1
22,1,4,1,100,18,100,118,-2,-1,-1,-1,-1,-1,-1,-1,-1,-1,-1,-1
22,1,7,1,100,214,100,353,100,83,100,167,-2,-1,-1,-1,-1,-1,-1,-1
22,1,7,1,100,214,100,353,100,83,100,167,-2,-1,-1,-1,-1,-1,-1,-1
22,1,9,1,100,209,100,119,-2,-1,-1,-1,-1,-1,-1,-1,-1,-1,-1,-1
22,1,9,1,100,209,100,119,-2,-1,-1,-1,-1,-1,-1,-1,-1,-1,-1,-1
22,1,11,1,100,240,100,25,100,74,47,104,100,147,-2,-1,-1,-1,-1,-1
22,1,11,3,100,25,100,240,-2,-1,-1,-1,-1,-1,-1,-1,-1,-1,-1,-1
22,1,12,1,100,308,100,178,-2,-1,-1,-1,-1,-1,-1,-1,-1,-1,-1,-1
22,1,12,1,100,308,100,178,-2,-1,-1,-1,-1,-1,-1,-1,-1,-1,-1,-1
22,1,12,3,100,112,100,9,-2,-1,-1,-1,-1,-1,-1,-1,-1,-1,-1,-1
22,1,12,3,100,112,100,9,-2,-1,-1,-1,-1,-1,-1,-1,-1,-1,-1,-1
22,1,50,1,100,341,69,21,100,87,-2,-1,-2,-1,-2,-1,-2,-1,-2,-1
23,1,3,2,100,85,100,259,-2,-1,-2,-1,-2,-1,-2,-1,-2,-1,-2,-1
23,1,10,2,100,288,61,260,100,210,-1,-1,-1,-1,NULL,NULL,NULL,NULL,NULL,NULL
23,1,10,2,100,288,61,260,100,210,NULL,NULL,NULL,NULL,NULL,NULL,NULL,NULL,NULL,NULL
23,1,12,1,100,41,100,160,NULL,NULL,NULL,NULL,NULL,NULL,NULL,NULL,NULL,NULL,NULL,NULL
23,1,12,1,100,41,100,160,-2,-1,-2,-1,-2,-1,-2,-1,-2,-1,-2,-1
23,1,13,1,100,252,100,127,NULL,NULL,NULL,NULL,NULL,NULL,NULL,NULL,NULL,NULL,NULL,NULL
23,1,226,1,100,52,66,105,100,95,-2,-1,-2,-1,-2,-1,-2,-1,-2,-1
23,1,285,1,100,222,55,162,100,123,-2,-1,-2,-1,-2,-1,-2,-1,-2,-1
24,1,5,2,100,165,13,238,100,344,-2,-1,-1,-1,-1,-1,-1,-1,-1,-1
24,1,5,2,100,165,13,238,100,344,-2,-1,-1,-1,-1,-1,-1,-1,-1,-1
24,1,235,2,100,156,54,25,100,13,-2,-1,-2,-1,-2,-1,-2,-1,-2,-1
24,1,270,1,100,322,100,106,-2,-1,-2,-1,-2,-1,-2,-1,-2,-1,-2,-1
24,1,272,1,100,188,82,115,80,18,100,44,-2,-1,-2,-1,-2,-1,-2,-1
24,1,330,1,100,275,100,54,-2,-1,-2,-1,-2,-1,-2,-1,-2,-1,-2,-1
24,1,334,2,100,136,100,319,-2,-1,-2,-1,-2,-1,-2,-1,-2,-1,-2,-1
24,1,347,2,100,38,41,284,100,237,-2,-1,-2,-1,-2,-1,-2,-1,-2,-1
24,1,374,2,100,318,100,207,-2,-1,-2,-1,-2,-1,-2,-1,-2,-1,-2,-1
24,1,384,2,100,32,100,237,-2,-1,-2,-1,-2,-1,-2,-1,-2,-1,-2,-1
25,1,51,1,100,281,8,306,100,107,-2,-1,-2,-1,-2,-1,-2,-1,-2,-1
25,1,51,1,100,281,8,306,100,107,-2,-1,-2,-1,-2,-1,-2,-1,-2,-1
25,1,53,2,100,86,24,335,100,245,-2,-1,-1,-1,-1,-1,-1,-1,-1,-1
25,1,53,2,100,86,24,335,100,245,-2,-1,-2,-1,-2,-1,-2,-1,-2,-1
25,1,54,2,100,74,100,317,-2,-1,-2,-1,-2,-1,-2,-1,-2,-1,-2,-1
25,1,54,2,100,74,100,317,-2,-1,-2,-1,-2,-1,-2,-1,-2,-1,-2,-1
25,1,60,1,100,208,100,317,-2,-1,-2,-1,-2,-1,-2,-1,-2,-1,-2,-1
25,1,60,1,100,208,100,317,-2,-1,-1,-1,-1,-1,-1,-1,-1,-1,-1,-1
25,1,61,2,100,46,100,183,-2,-1,-1,-1,-1,-1,-1,-1,-1,-1,-1,-1
25,1,61,2,100,46,100,183,-2,-1,-2,-1,-2,-1,-2,-1,-2,-1,-2,-1
25,1,364,1,100,32,100,151,-2,-1,-2,-1,-2,-1,-2,-1,-2,-1,-2,-1
26,1,8,2,100,53,100,197,NULL,NULL,NULL,NULL,NULL,NULL,NULL,NULL,NULL,NULL,NULL,NULL
26,1,8,2,100,53,100,197,-1,-1,-1,-1,-1,-1,NULL,NULL,NULL,NULL,NULL,NULL
26,1,9,1,100,41,74,123,100,167,-2,-1,-2,-1,-2,-1,-2,-1,-2,-1
26,1,11,1,100,188,100,358,NULL,NULL,NULL,NULL,NULL,NULL,NULL,NULL,NULL,NULL,NULL,NULL
26,1,11,1,100,188,100,358,NULL,NULL,NULL,NULL,NULL,NULL,NULL,NULL,NULL,NULL,NULL,NULL
26,1,16,2,100,32,100,225,NULL,NULL,NULL,NULL,NULL,NULL,NULL,NULL,NULL,NULL,NULL,NULL
26,0,50,2,100,20,38,225,72,205,100,193,-2,-1,-1,-1,-1,-1,-1,-1
26,1,50,2,100,20,38,225,72,205,100,193,-2,-1,-2,-1,-2,-1,-2,-1
26,1,52,1,100,183,38,351,100,42,-2,-1,-2,-1,-2,-1,-2,-1,-2,-1
26,1,52,1,100,183,38,351,100,42,-2,-1,-2,-1,-2,-1,-2,-1,-2,-1
26,1,60,2,100,178,100,313,-2,-1,-2,-1,-2,-1,-2,-1,-2,-1,-2,-1
26,1,60,2,100,178,100,313,-2,-1,-2,-1,-2,-1,-2,-1,-2,-1,-2,-1
26,1,63,1,100,316,100,159,-2,-1,-2,-1,-2,-1,-2,-1,-2,-1,-2,-1
26,1,63,1,100,316,100,159,-2,-1,-2,-1,-2,-1,-2,-1,-2,-1,-2,-1
26,0,70,1,100,335,100,153,-2,-1,-1,-1,-1,-1,-1,-1,-1,-1,-1,-1
26,1,70,1,100,335,100,153,-2,-1,-2,-1,-2,-1,-2,-1,-2,-1,-2,-1
26,1,228,1,100,263,83,273,100,303,-2,-1,-2,-1,-2,-1,-2,-1,-2,-1
26,1,274,1,100,334,18,14,70,59,100,90,-2,-1,-2,-1,-2,-1,-2,-1
26,1,285,2,100,148,44,105,23,46,100,3,-2,-1,-2,-1,-2,-1,-2,-1
26,1,285,3,100,286,72,261,100,222,-2,-1,-2,-1,-2,-1,-2,-1,-2,-1
26,1,290,1,100,257,18,138,100,121,-2,-1,-2,-1,-2,-1,-2,-1,-2,-1
26,1,362,1,100,193,100,106,-2,-1,-2,-1,-2,-1,-2,-1,-2,-1,-2,-1
27,1,52,2,100,352,100,232,-2,-1,-1,-1,-1,-1,-1,-1,-1,-1,-1,-1
27,1,52,2,100,352,100,232,-2,-1,-2,-1,-2,-1,-2,-1,-2,-1,-2,-1
27,1,60,1,100,336,72,177,100,126,-2,-1,-1,-1,-1,-1,-1,-1,-1,-1
27,1,60,1,100,336,72,177,100,126,-2,-1,-2,-1,-2,-1,-2,-1,-2,-1
27,1,61,1,100,208,100,334,-2,-1,-1,-1,-1,-1,-1,-1,-1,-1,-1,-1
27,1,61,1,100,208,100,334,-2,-1,-2,-1,-2,-1,-2,-1,-2,-1,-2,-1
27,1,62,2,100,103,100,247,-2,-1,-1,-1,-1,-1,-1,-1,-1,-1,-1,-1
27,1,62,2,100,103,100,247,-2,-1,-2,-1,-2,-1,-2,-1,-2,-1,-2,-1
27,1,64,1,100,328,24,228,37,176,100,160,-2,-1,-1,-1,-1,-1,-1,-1
27,1,64,1,100,328,24,228,37,176,100,160,-2,-1,-2,-1,-2,-1,-2,-1
27,1,71,2,100,55,100,311,-2,-1,-2,-1,-2,-1,-2,-1,-2,-1,-2,-1
27,1,71,2,100,55,100,311,-2,-1,-1,-1,-1,-1,-1,-1,-1,-1,-1,-1
27,1,74,2,100,341,100,221,-2,-1,-2,-1,-2,-1,-2,-1,-2,-1,-2,-1
27,1,74,2,100,341,100,221,-2,-1,-1,-1,-1,-1,-1,-1,-1,-1,-1,-1
27,1,75,1,100,200,100,5,-2,-1,-2,-1,-2,-1,-2,-1,-2,-1,-2,-1
27,1,265,2,100,54,100,228,-2,-1,-2,-1,-2,-1,-2,-1,-2,-1,-2,-1
27,1,286,2,100,105,100,40,-2,-1,-2,-1,-2,-1,-2,-1,-2,-1,-2,-1
27,1,290,1,100,337,100,178,-2,-1,-2,-1,-2,-1,-2,-1,-2,-1,-2,-1
27,1,301,2,100,169,80,186,54,245,74,275,100,282,-2,-1,-2,-1,-2,-1
27,1,348,1,100,288,42,302,100,97,-2,-1,-2,-1,-2,-1,-2,-1,-2,-1
27,1,377,2,100,38,100,218,-2,-1,-2,-1,-2,-1,-2,-1,-2,-1,-2,-1
28,1,8,2,100,125,100,300,-2,-1,-2,-1,-2,-1,-2,-1,-2,-1,-2,-1
28,1,8,2,100,125,100,300,NULL,NULL,NULL,NULL,NULL,NULL,NULL,NULL,NULL,NULL,NULL,NULL
28,1,11,1,100,222,100,350,-1,-1,-1,-1,-1,-1,NULL,NULL,NULL,NULL,NULL,NULL
28,1,11,1,100,222,100,350,NULL,NULL,NULL,NULL,NULL,NULL,NULL,NULL,NULL,NULL,NULL,NULL
28,1,51,1,100,290,34,303,76,170,100,155,-2,-1,-2,-1,-2,-1,-2,-1
28,1,53,2,100,320,38,214,100,254,-2,-1,-2,-1,-2,-1,-2,-1,-2,-1
28,1,54,2,100,110,100,348,-2,-1,-2,-1,-2,-1,-2,-1,-2,-1,-2,-1
28,1,60,2,100,179,100,319,-2,-1,-2,-1,-2,-1,-2,-1,-2,-1,-2,-1
29,1,7,1,100,210,100,83,-1,-1,-1,-1,-1,-1,NULL,NULL,NULL,NULL,NULL,NULL
29,1,7,1,100,210,100,83,NULL,NULL,NULL,NULL,NULL,NULL,NULL,NULL,NULL,NULL,NULL,NULL
29,1,9,1,100,270,100,35,NULL,NULL,NULL,NULL,NULL,NULL,NULL,NULL,NULL,NULL,NULL,NULL
29,1,9,1,100,270,100,35,-2,-1,-2,-1,-2,-1,-2,-1,-2,-1,-2,-1
29,1,52,2,100,92,32,354,100,1,-2,-1,-2,-1,-2,-1,-2,-1,-2,-1
29,1,57,1,100,225,100,120,-2,-1,-2,-1,-2,-1,-2,-1,-2,-1,-2,-1
29,1,57,3,100,48,57,80,35,265,100,290,-2,-1,-2,-1,-2,-1,-2,-1
29,1,64,1,100,185,40,208,73,25,100,352,-2,-1,-2,-1,-2,-1,-2,-1
29,1,64,3,100,269,60,250,100,205,-2,-1,-2,-1,-2,-1,-2,-1,-2,-1
29,1,72,2,100,155,100,256,-2,-1,-2,-1,-2,-1,-2,-1,-2,-1,-2,-1
29,1,75,2,100,175,100,4,-2,-1,-2,-1,-2,-1,-2,-1,-2,-1,-2,-1
29,1,81,1,100,195,100,350,-2,-1,-2,-1,-2,-1,-2,-1,-2,-1,-2,-1
29,1,83,2,100,85,100,285,-2,-1,-2,-1,-2,-1,-2,-1,-2,-1,-2,-1
30,1,1,2,100,138,100,18,-2,-1,-1,-1,-1,-1,-1,-1,-1,-1,-1,-1
30,1,1,2,100,138,100,18,-2,-1,-2,-1,-2,-1,-2,-1,-2,-1,-2,-1
30,1,1,3,100,303,100,229,-2,-1,-2,-1,-2,-1,-2,-1,-2,-1,-2,-1
30,1,1,3,100,303,100,229,-2,-1,-1,-1,-1,-1,-1,-1,-1,-1,-1,-1
30,1,4,1,100,187,100,298,-2,-1,-2,-1,-2,-1,-2,-1,-2,-1,-2,-1
30,1,57,1,100,254,25,209,43,41,100,47,100,73,62,92,100,179,-2,-1
30,1,67,1,100,65,100,165,-2,-1,-2,-1,-2,-1,-2,-1,-2,-1,-2,-1
30,1,67,1,100,65,100,165,-2,-1,-1,-1,-1,-1,-1,-1,-1,-1,-1,-1
30,1,392,2,100,171,100,348,100,23,100,135,-2,-1,-2,-1,-2,-1,-2,-1
31,1,80,2,100,125,100,281,-2,-1,-2,-1,-2,-1,-2,-1,-2,-1,-2,-1
31,1,83,1,100,236,69,8,100,23,-2,-1,-2,-1,-2,-1,-2,-1,-2,-1
32,1,54,2,100,333,100,208,-2,-1,-1,-1,-1,-1,-1,-1,-1,-1,-1,-1
32,1,54,2,100,333,100,208,-2,-1,-2,-1,-2,-1,-2,-1,-2,-1,-2,-1
32,1,72,1,100,46,100,152,-2,-1,-2,-1,-2,-1,-2,-1,-2,-1,-2,-1
32,1,72,1,100,46,100,152,-2,-1,-1,-1,-1,-1,-1,-1,-1,-1,-1,-1
32,1,80,2,100,114,100,268,-2,-1,-2,-1,-2,-1,-2,-1,-2,-1,-2,-1
32,1,80,2,100,114,100,268,-2,-1,-1,-1,-1,-1,-1,-1,-1,-1,-1,-1
33,1,2,1,100,278,100,14,NULL,NULL,NULL,NULL,NULL,NULL,NULL,NULL,NULL,NULL,NULL,NULL
33,1,3,1,100,347,100,143,NULL,NULL,NULL,NULL,NULL,NULL,NULL,NULL,NULL,NULL,NULL,NULL
33,1,6,2,100,138,65,96,100,82,-2,-1,-1,-1,-1,-1,-1,-1,-1,-1
33,1,6,2,100,138,65,96,100,82,-2,-1,-1,-1,-1,-1,-1,-1,-1,-1
33,1,53,2,100,65,45,339,100,191,-2,-1,-2,-1,-2,-1,-2,-1,-2,-1
34,1,5,1,100,80,60,93,100,179,-2,-1,-1,-1,-1,-1,-1,-1,-1,-1
34,1,5,1,100,80,60,93,100,179,-2,-1,-1,-1,-1,-1,-1,-1,-1,-1
34,1,10,1,100,264,100,12,-2,-1,-1,-1,-1,-1,-1,-1,-1,-1,-1,-1
34,1,10,1,100,264,100,12,-2,-1,-2,-1,-2,-1,-2,-1,-2,-1,-2,-1
34,1,12,1,100,244,82,303,100,141,NULL,NULL,NULL,NULL,NULL,NULL,NULL,NULL,NULL,NULL
34,1,12,1,100,244,82,303,100,141,-2,-1,-1,-1,-1,-1,-1,-1,-1,-1
34,1,12,2,100,141,82,303,100,303,-1,-1,-1,-1,-1,-1,-1,-1,-1,-1
34,1,12,2,100,141,82,303,100,303,NULL,NULL,NULL,NULL,NULL,NULL,NULL,NULL,NULL,NULL
34,1,51,1,100,181,26,346,100,301,-2,-1,-2,-1,-2,-1,-2,-1,-2,-1
34,1,71,2,100,160,100,50,-2,-1,-2,-1,-2,-1,-2,-1,-2,-1,-2,-1
34,1,229,1,100,328,100,120,-2,-1,-2,-1,-2,-1,-2,-1,-2,-1,-2,-1
34,1,235,2,100,136,100,263,-2,-1,-2,-1,-2,-1,-2,-1,-2,-1,-2,-1
34,1,255,1,100,303,80,307,43,347,100,59,-2,-1,-2,-1,-2,-1,-2,-1
34,1,297,2,100,60,75,57,100,349,-2,-1,-2,-1,-2,-1,-2,-1,-2,-1
34,1,354,2,100,97,35,26,59,222,70,192,100,204,-2,-1,-2,-1,-2,-1
34,1,375,2,100,95,68,128,5,341,19,248,80,305,100,356,-2,-1,-2,-1
34,1,384,1,100,218,100,122,-2,-1,-2,-1,-2,-1,-2,-1,-2,-1,-2,-1
34,1,384,3,100,36,100,287,-2,-1,-2,-1,-2,-1,-2,-1,-2,-1,-2,-1
35,1,4,2,100,342,10,297,100,207,-2,-1,-2,-1,-2,-1,-2,-1,-2,-1
35,1,4,2,100,342,10,297,100,207,-2,-1,-1,-1,-1,-1,-1,-1,-1,-1
35,1,10,1,100,285,100,96,-2,-1,-1,-1,-1,-1,-1,-1,-1,-1,-1,-1
35,1,10,1,100,285,100,96,-2,-1,-2,-1,-2,-1,-2,-1,-2,-1,-2,-1
35,1,10,3,100,51,100,331,-2,-1,-1,-1,-1,-1,-1,-1,-1,-1,-1,-1
35,1,10,3,100,51,100,331,-2,-1,-2,-1,-2,-1,-2,-1,-2,-1,-2,-1
35,1,252,2,100,55,9,192,100,303,-2,-1,-2,-1,-2,-1,-2,-1,-2,-1
35,1,269,1,100,321,100,108,-2,-1,-2,-1,-2,-1,-2,-1,-2,-1,-2,-1
35,1,290,1,100,216,100,332,-2,-1,-2,-1,-2,-1,-2,-1,-2,-1,-2,-1
35,1,294,2,100,355,100,265,-2,-1,-2,-1,-2,-1,-2,-1,-2,-1,-2,-1
35,1,802,1,100,181,100,317,-2,-1,-2,-1,-2,-1,-2,-1,-2,-1,-2,-1
35,1,807,1,100,342,100,118,-2,-1,-2,-1,-2,-1,-2,-1,-2,-1,-2,-1
36,1,1,2,100,179,74,222,78,260,100,321,-2,-1,-1,-1,-1,-1,-1,-1
36,1,1,2,100,179,74,222,78,260,100,321,-2,-1,-1,-1,-1,-1,-1,-1
36,1,50,1,100,187,6,275,100,4,-2,-1,-2,-1,-2,-1,-2,-1,-2,-1
36,1,51,2,100,62,65,14,100,324,-2,-1,-2,-1,-2,-1,-2,-1,-2,-1
36,1,52,1,100,290,70,141,60,98,100,7,-2,-1,-2,-1,-2,-1,-2,-1
36,1,54,1,100,182,100,46,-2,-1,-2,-1,-2,-1,-2,-1,-2,-1,-2,-1
36,1,252,2,100,98,21,95,18,11,100,282,-2,-1,-2,-1,-2,-1,-2,-1
36,1,295,1,100,193,18,278,100,65,-2,-1,-2,-1,-2,-1,-2,-1,-2,-1
36,1,376,1,100,57,100,178,-2,-1,-2,-1,-2,-1,-2,-1,-2,-1,-2,-1
36,1,377,2,100,45,87,30,63,296,100,230,-2,-1,-2,-1,-2,-1,-2,-1
36,1,802,1,100,344,100,145,-2,-1,-2,-1,-2,-1,-2,-1,-2,-1,-2,-1
36,1,807,1,100,116,42,123,100,170,-2,-1,-2,-1,-2,-1,-2,-1,-2,-1
37,1,4,1,100,194,100,124,NULL,NULL,NULL,NULL,NULL,NULL,NULL,NULL,NULL,NULL,NULL,NULL
37,1,4,1,100,194,100,124,-2,-1,-2,-1,-2,-1,-2,-1,-2,-1,-2,-1
37,1,6,1,100,184,100,62,-1,-1,-1,-1,-1,-1,NULL,NULL,NULL,NULL,NULL,NULL
37,1,6,1,100,184,100,62,NULL,NULL,NULL,NULL,NULL,NULL,NULL,NULL,NULL,NULL,NULL,NULL
37,1,11,2,100,157,100,88,NULL,NULL,NULL,NULL,NULL,NULL,NULL,NULL,NULL,NULL,NULL,NULL
37,1,11,2,100,157,100,88,-1,-1,-1,-1,-1,-1,NULL,NULL,NULL,NULL,NULL,NULL
37,1,13,1,100,47,100,159,100,232,100,1,NULL,NULL,NULL,NULL,NULL,NULL,NULL,NULL
37,1,16,1,100,13,95,281,100,185,NULL,NULL,NULL,NULL,NULL,NULL,NULL,NULL,NULL,NULL
37,1,52,2,100,179,44,113,100,67,-2,-1,-2,-1,-2,-1,-2,-1,-2,-1
37,1,52,2,100,179,44,113,100,67,NULL,NULL,NULL,NULL,NULL,NULL,NULL,NULL,NULL,NULL
37,1,268,1,100,2,100,152,-2,-1,-2,-1,-2,-1,-2,-1,-2,-1,-2,-1
37,1,328,1,100,231,30,307,100,349,100,112,74,127,100,157,-2,-1,-2,-1
37,1,388,1,100,206,100,19,-2,-1,-2,-1,-2,-1,-2,-1,-2,-1,-2,-1
37,1,802,1,100,223,35,282,56,16,100,72,-2,-1,-2,-1,-2,-1,-2,-1
37,1,804,2,100,63,100,264,-2,-1,-2,-1,-2,-1,-2,-1,-2,-1,-2,-1
37,1,806,1,100,11,80,354,100,224,-2,-1,-2,-1,-2,-1,-2,-1,-2,-1
38,1,272,2,100,340,100,68,100,110,20,292,100,213,-2,-1,-2,-1,-2,-1
38,1,296,1,100,210,36,223,49,276,72,3,100,354,-2,-1,-2,-1,-2,-1
38,1,344,2,100,170,50,156,30,257,44,37,100,26,-2,-1,-2,-1,-2,-1
39,1,51,2,100,150,100,80,-2,-1,-2,-1,-2,-1,-2,-1,-2,-1,-2,-1
40,1,1,1,100,232,58,35,100,51,-2,-1,-1,-1,-1,-1,-1,-1,-1,-1
40,1,1,1,100,232,58,35,100,51,-2,-1,-2,-1,-2,-1,-2,-1,-2,-1
40,1,7,1,100,289,100,118,-2,-1,-1,-1,-1,-1,-1,-1,-1,-1,-1,-1
40,1,7,1,100,289,100,118,-2,-1,-2,-1,-2,-1,-2,-1,-2,-1,-2,-1
40,1,52,2,100,51,100,274,-2,-1,-2,-1,-2,-1,-2,-1,-2,-1,-2,-1
40,1,52,2,100,51,100,274,-2,-1,-1,-1,-1,-1,-1,-1,-1,-1,-1,-1
40,1,61,2,100,139,100,13,-2,-1,-2,-1,-2,-1,-2,-1,-2,-1,-2,-1
40,1,61,2,100,139,100,13,-2,-1,-1,-1,-1,-1,-1,-1,-1,-1,-1,-1
40,1,242,1,100,181,47,248,100,83,-2,-1,-2,-1,-2,-1,-2,-1,-2,-1
40,1,242,2,100,313,47,248,100,181,-2,-1,-2,-1,-2,-1,-2,-1,-2,-1
40,1,249,1,100,35,49,310,100,156,-2,-1,-2,-1,-2,-1,-2,-1,-2,-1
40,1,261,1,100,220,100,140,-2,-1,-2,-1,-2,-1,-2,-1,-2,-1,-2,-1
40,1,261,3,100,76,100,325,-2,-1,-2,-1,-2,-1,-2,-1,-2,-1,-2,-1
40,1,348,1,100,186,100,249,-2,-1,-2,-1,-2,-1,-2,-1,-2,-1,-2,-1
41,1,11,2,100,350,100,198,-1,-1,-1,-1,-1,-1,NULL,NULL,NULL,NULL,NULL,NULL
41,1,11,2,100,350,100,198,NULL,NULL,NULL,NULL,NULL,NULL,NULL,NULL,NULL,NULL,NULL,NULL
41,1,15,1,100,281,100,103,NULL,NULL,NULL,NULL,NULL,NULL,NULL,NULL,NULL,NULL,NULL,NULL
41,1,61,2,100,334,100,250,-2,-1,-2,-1,-2,-1,-2,-1,-2,-1,-2,-1
41,1,61,2,100,334,100,250,-2,-1,-2,-1,-2,-1,-2,-1,-2,-1,-2,-1
41,1,71,1,100,228,100,83,-2,-1,-2,-1,-2,-1,-2,-1,-2,-1,-2,-1
41,1,71,1,100,228,100,83,-2,-1,-2,-1,-2,-1,-2,-1,-2,-1,-2,-1
41,0,72,1,100,298,83,317,73,111,100,118,-2,-1,-1,-1,-1,-1,-1,-1
41,1,72,1,100,298,83,317,73,111,100,118,-2,-1,-2,-1,-2,-1,-2,-1
41,1,287,1,100,288,69,62,100,140,-2,-1,-2,-1,-2,-1,-2,-1,-2,-1
41,1,287,2,100,140,69,62,100,73,-2,-1,-2,-1,-2,-1,-2,-1,-2,-1
41,1,395,2,100,145,62,96,100,95,-2,-1,-2,-1,-2,-1,-2,-1,-2,-1
42,1,5,1,100,350,37,228,70,192,100,175,-2,-1,-2,-1,-2,-1,-2,-1
42,1,5,1,100,350,37,228,70,192,100,175,-2,-1,-1,-1,-1,-1,-1,-1
42,1,8,1,100,188,100,343,-2,-1,-2,-1,-2,-1,-2,-1,-2,-1,-2,-1
42,1,8,1,100,188,100,343,-2,-1,-1,-1,-1,-1,-1,-1,-1,-1,-1,-1
42,1,10,2,100,299,100,25,100,82,100,244,-2,-1,-1,-1,-1,-1,-1,-1
42,1,10,2,100,299,100,25,100,82,100,244,-2,-1,-2,-1,-2,-1,-2,-1
42,1,11,1,100,1,100,174,-2,-1,-2,-1,-2,-1,-2,-1,-2,-1,-2,-1
42,1,11,1,100,1,100,174,-2,-1,-1,-1,-1,-1,-1,-1,-1,-1,-1,-1
42,1,11,3,100,139,100,37,-2,-1,-1,-1,-1,-1,-1,-1,-1,-1,-1,-1
42,1,11,3,100,139,100,37,-2,-1,-2,-1,-2,-1,-2,-1,-2,-1,-2,-1
42,1,80,2,100,71,100,284,-2,-1,-2,-1,-2,-1,-2,-1,-2,-1,-2,-1
42,1,256,2,100,119,100,263,-2,-1,-2,-1,-2,-1,-2,-1,-2,-1,-2,-1
42,1,277,1,100,282,93,328,60,356,38,272,100,140,-2,-1,-2,-1,-2,-1
42,1,334,2,100,85,100,260,-2,-1,-2,-1,-2,-1,-2,-1,-2,-1,-2,-1
43,1,60,1,100,345,64,347,56,60,17,68,100,126,-2,-1,-2,-1,-2,-1
43,1,60,1,100,345,64,347,56,60,17,68,100,126,-2,-1,-1,-1,-1,-1
43,1,61,1,100,274,100,151,-1,-1,-1,-1,-1,-1,-1,-1,-1,-1,-1,-1
43,1,61,1,100,274,100,151,NULL,NULL,NULL,NULL,NULL,NULL,NULL,NULL,NULL,NULL,NULL,NULL
43,1,61,3,100,110,0,0,100,311,NULL,NULL,NULL,NULL,-2,-1,-2,-1,-2,-1
43,1,61,3,100,110,0,0,100,311,-1,-1,-1,-1,-2,-1,-1,-1,-1,-1
43,1,62,1,100,313,30,316,24,27,10,312,77,130,100,110,-2,-1,-1,-1
43,1,62,1,100,313,30,316,24,27,10,312,77,130,100,110,-2,-1,-2,-1
43,1,70,1,100,267,100,47,-2,-1,-2,-1,-2,-1,-2,-1,-2,-1,-2,-1
43,1,70,1,100,267,100,47,-2,-1,-1,-1,-1,-1,-1,-1,-1,-1,-1,-1
43,1,74,1,100,21,100,130,-2,-1,-1,-1,-1,-1,-1,-1,-1,-1,-1,-1
43,1,74,1,100,21,100,130,-2,-1,-2,-1,-2,-1,-2,-1,-2,-1,-2,-1
43,1,80,1,100,280,30,349,70,15,76,94,100,70,-2,-1,-1,-1,-1,-1
43,1,80,1,100,280,30,349,70,15,76,94,100,70,-2,-1,-2,-1,-2,-1
43,1,81,2,100,306,100,229,-2,-1,-2,-1,-2,-1,-2,-1,-2,-1,-2,-1
43,1,81,2,100,306,100,229,-2,-1,-1,-1,-1,-1,-1,-1,-1,-1,-1,-1
43,1,81,3,100,48,100,337,-2,-1,-1,-1,-1,-1,-1,-1,-1,-1,-1,-1
43,1,81,3,100,48,100,337,-2,-1,-2,-1,-2,-1,-2,-1,-2,-1,-2,-1
43,1,257,1,100,350,100,161,-2,-1,-2,-1,-2,-1,-2,-1,-2,-1,-2,-1
43,1,296,1,100,5,100,157,-2,-1,-2,-1,-2,-1,-2,-1,-2,-1,-2,-1
44,1,53,1,100,296,75,118,100,97,-2,-1,-1,-1,-1,-1,-1,-1,-1,-1
44,1,53,1,100,296,75,118,100,97,-2,-1,-2,-1,-2,-1,-2,-1,-2,-1
44,1,55,2,100,106,100,264,-2,-1,-1,-1,-1,-1,-1,-1,-1,-1,-1,-1
44,1,55,2,100,106,100,264,-2,-1,-2,-1,-2,-1,-2,-1,-2,-1,-2,-1
44,1,61,2,100,10,19,219,100,263,-2,-1,-1,-1,-1,-1,-1,-1,-1,-1
44,1,61,2,100,10,19,219,100,263,-2,-1,-2,-1,-2,-1,-2,-1,-2,-1
44,1,72,2,100,133,55,231,100,267,-2,-1,-1,-1,-1,-1,-1,-1,-1,-1
44,1,72,2,100,133,55,231,100,267,-2,-1,-2,-1,-2,-1,-2,-1,-2,-1
44,1,257,2,100,172,100,66,-2,-1,-2,-1,-2,-1,-2,-1,-2,-1,-2,-1
44,1,382,1,100,328,32,13,54,126,71,140,100,168,-2,-1,-2,-1,-2,-1
45,1,3,1,100,25,100,113,-2,-1,-2,-1,-2,-1,-2,-1,-2,-1,-2,-1
45,1,7,1,100,298,100,132,-2,-1,-2,-1,NULL,NULL,NULL,NULL,NULL,NULL,NULL,NULL
45,1,7,1,100,298,100,132,NULL,NULL,NULL,NULL,NULL,NULL,NULL,NULL,NULL,NULL,NULL,NULL
45,1,7,3,100,100,100,315,-2,-1,-2,-1,NULL,NULL,NULL,NULL,NULL,NULL,NULL,NULL
45,1,7,3,100,100,100,315,NULL,NULL,NULL,NULL,NULL,NULL,NULL,NULL,NULL,NULL,NULL,NULL
45,1,10,1,100,320,100,145,NULL,NULL,NULL,NULL,NULL,NULL,NULL,NULL,NULL,NULL,NULL,NULL
45,1,10,2,100,160,100,290,-2,-1,-2,-1,-2,-1,-2,-1,-2,-1,-2,-1
45,1,11,2,100,105,100,357,-1,-1,-1,-1,-1,-1,NULL,NULL,NULL,NULL,NULL,NULL
45,1,11,2,100,105,100,357,NULL,NULL,NULL,NULL,NULL,NULL,NULL,NULL,NULL,NULL,NULL,NULL
45,2,11,2,100,105,100,357,-1,-1,-1,-1,-1,-1,NULL,NULL,NULL,NULL,NULL,NULL
45,1,70,1,100,274,55,292,67,163,100,148,-2,-1,-2,-1,-2,-1,-2,-1
45,1,73,2,100,175,49,130,100,90,NULL,NULL,NULL,NULL,-2,-1,-2,-1,-2,-1
45,1,73,3,100,30,100,260,NULL,NULL,NULL,NULL,NULL,NULL,NULL,NULL,NULL,NULL,NULL,NULL
45,1,74,1,100,20,38,67,100,137,-2,-1,-2,-1,-2,-1,-2,-1,-2,-1
46,1,7,1,100,304,100,60,-1,-1,-1,-1,-1,-1,NULL,NULL,NULL,NULL,NULL,NULL
46,1,7,1,100,304,100,60,NULL,NULL,NULL,NULL,NULL,NULL,NULL,NULL,NULL,NULL,NULL,NULL
46,1,222,2,100,70,100,355,-2,-1,-2,-1,-2,-1,-2,-1,-2,-1,-2,-1
46,1,243,2,100,63,100,304,-2,-1,-2,-1,-2,-1,-2,-1,-2,-1,-2,-1
46,1,244,1,100,260,100,335,-2,-1,-2,-1,-2,-1,-2,-1,-2,-1,-2,-1
46,1,245,1,100,205,100,47,-2,-1,-2,-1,-2,-1,-2,-1,-2,-1,-2,-1
46,1,376,2,100,151,72,12,100,309,-2,-1,-2,-1,-2,-1,-2,-1,-2,-1
47,1,10,1,100,252,100,89,-2,-1,-1,-1,-1,-1,-1,-1,-1,-1,-1,-1
47,1,10,1,100,252,100,89,-2,-1,-2,-1,-2,-1,-2,-1,-2,-1,-2,-1
47,1,53,2,100,64,83,158,100,252,-2,-1,-2,-1,-2,-1,-2,-1,-2,-1
47,1,53,2,100,64,83,158,100,252,-2,-1,-2,-1,-2,-1,-2,-1,-2,-1
47,1,224,2,100,169,100,333,-2,-1,-2,-1,-2,-1,-2,-1,-2,-1,-2,-1
47,1,801,2,100,313,100,190,-2,-1,-2,-1,-2,-1,-2,-1,-2,-1,-2,-1
48,1,1,1,100,310,48,325,19,132,100,20,-2,-1,-2,-1,-2,-1,-2,-1
48,1,51,2,100,16,62,25,11,215,51,234,100,263,-2,-1,-2,-1,-2,-1
48,1,60,1,100,203,100,333,-2,-1,-2,-1,-2,-1,-2,-1,-2,-1,-2,-1
49,1,1,1,100,345,100,173,-2,-1,-2,-1,-2,-1,-2,-1,-2,-1,-2,-1
49,1,1,1,100,345,100,173,-2,-1,-1,-1,-1,-1,-1,-1,-1,-1,-1,-1
49,1,2,2,100,118,100,267,-2,-1,-2,-1,-2,-1,-2,-1,-2,-1,-2,-1
49,1,2,2,100,118,100,267,-2,-1,-1,-1,-1,-1,-1,-1,-1,-1,-1,-1
49,1,3,1,100,95,100,173,-2,-1,-1,-1,-1,-1,-1,-1,-1,-1,-1,-1
49,1,3,1,100,95,100,173,-2,-1,-2,-1,-2,-1,-2,-1,-2,-1,-2,-1
49,1,10,2,100,87,21,110,100,240,-2,-1,-1,-1,-1,-1,-1,-1,-1,-1
49,1,10,2,100,87,21,110,100,240,-2,-1,-2,-1,-2,-1,-2,-1,-2,-1
49,1,50,2,100,179,100,281,-2,-1,-2,-1,-2,-1,-2,-1,-2,-1,-2,-1
49,1,50,2,100,179,100,281,-2,-1,-1,-1,-1,-1,-1,-1,-1,-1,-1,-1
49,1,60,2,100,27,48,23,48,192,100,187,-2,-1,-1,-1,-1,-1,-1,-1
49,1,60,2,100,27,48,23,48,192,100,187,-2,-1,-2,-1,-2,-1,-2,-1
49,1,253,2,100,54,100,303,-2,-1,-2,-1,-2,-1,-2,-1,-2,-1,-2,-1
49,1,801,1,100,4,15,88,100,160,-2,-1,-2,-1,-2,-1,-2,-1,-2,-1
50,1,2,1,100,348,67,44,100,102,-2,-1,-1,-1,-1,-1,-1,-1,-1,-1
50,1,2,1,100,348,67,44,100,102,-2,-1,-1,-1,-1,-1,-1,-1,-1,-1
50,1,5,2,100,329,52,253,100,212,-2,-1,-1,-1,-1,-1,-1,-1,-1,-1
50,1,5,2,100,329,52,253,100,212,-2,-1,-1,-1,-1,-1,-1,-1,-1,-1
50,1,8,1,100,185,100,279,-2,-1,-1,-1,-1,-1,-1,-1,-1,-1,-1,-1
50,1,8,1,100,185,100,279,-2,-1,-1,-1,-1,-1,-1,-1,-1,-1,-1,-1
50,1,11,2,100,348,95,326,70,285,100,225,NULL,NULL,NULL,NULL,NULL,NULL,NULL,NULL
50,1,11,2,100,348,95,326,70,285,100,225,NULL,NULL,NULL,NULL,NULL,NULL,NULL,NULL
50,1,60,1,100,237,100,114,-2,-1,-2,-1,-2,-1,-2,-1,-2,-1,-2,-1
50,1,60,3,100,303,100,241,-2,-1,-2,-1,-2,-1,-2,-1,-2,-1,-2,-1
50,1,61,1,100,280,18,85,100,30,-2,-1,-2,-1,-2,-1,-2,-1,-2,-1
50,1,801,2,100,175,81,352,100,350,-2,-1,-2,-1,-2,-1,-2,-1,-2,-1
50,1,801,3,100,330,67,277,77,263,70,213,100,194,-2,-1,-2,-1,-2,-1
50,1,803,1,100,248,37,249,37,295,100,308,-2,-1,-2,-1,-2,-1,-2,-1
50,1,805,1,100,247,62,253,82,150,100,152,-2,-1,-2,-1,-2,-1,-2,-1
50,1,806,1,100,265,46,272,29,143,100,152,-2,-1,-2,-1,-2,-1,-2,-1
50,1,808,1,100,354,100,65,-2,-1,-2,-1,-2,-1,-2,-1,-2,-1,-2,-1
50,1,810,2,100,210,62,188,100,182,-2,-1,-2,-1,-2,-1,-2,-1,-2,-1
50,1,810,3,100,173,100,335,-2,-1,-2,-1,-2,-1,-2,-1,-2,-1,-2,-1
50,1,810,4,100,329,43,305,100,237,-2,-1,-2,-1,-2,-1,-2,-1,-2,-1
50,1,812,2,100,78,100,240,-2,-1,-2,-1,-2,-1,-2,-1,-2,-1,-2,-1
50,1,815,2,100,162,74,159,29,89,100,332,-2,-1,-2,-1,-2,-1,-2,-1
50,1,818,2,100,76,38,61,40,350,100,360,-2,-1,-2,-1,-2,-1,-2,-1
50,1,820,1,100,332,66,83,100,170,-2,-1,-2,-1,-2,-1,-2,-1,-2,-1
51,1,5,2,100,4,100,212,-1,-1,-1,-1,-1,-1,NULL,NULL,NULL,NULL,NULL,NULL
51,1,5,2,100,4,100,212,NULL,NULL,NULL,NULL,NULL,NULL,NULL,NULL,NULL,NULL,NULL,NULL
51,1,9,2,100,32,81,101,86,144,100,321,NULL,NULL,NULL,NULL,NULL,NULL,NULL,NULL
51,1,9,2,100,32,81,101,86,144,100,321,-1,-1,NULL,NULL,NULL,NULL,NULL,NULL
51,1,11,2,100,254,100,7,100,55,100,205,-2,-1,-2,-1,-2,-1,-2,-1
51,1,11,2,100,254,100,7,100,55,100,205,NULL,NULL,NULL,NULL,NULL,NULL,NULL,NULL
51,1,16,1,100,262,100,117,NULL,NULL,NULL,NULL,NULL,NULL,NULL,NULL,NULL,NULL,NULL,NULL
51,1,377,1,100,282,65,329,100,360,-2,-1,-2,-1,-2,-1,-2,-1,-2,-1
51,1,801,1,100,1,23,269,76,177,100,164,-2,-1,-2,-1,-2,-1,-2,-1
51,1,805,1,100,224,0,1,100,95,-2,-1,-2,-1,-2,-1,-2,-1,-2,-1
51,1,805,2,100,21,88,38,0,1,100,224,-2,-1,-2,-1,-2,-1,-2,-1
52,1,10,1,100,72,100,152,-2,-1,-1,-1,-1,-1,-1,-1,-1,-1,-1,-1
52,1,10,1,100,72,100,152,-2,-1,-2,-1,-2,-1,-2,-1,-2,-1,-2,-1
52,1,12,1,100,315,82,180,100,140,-2,-1,-2,-1,-2,-1,-2,-1,-2,-1
53,1,3,2,100,296,100,184,-1,-1,-1,-1,-1,-1,NULL,NULL,NULL,NULL,NULL,NULL
53,1,3,2,100,296,100,184,NULL,NULL,NULL,NULL,NULL,NULL,NULL,NULL,NULL,NULL,NULL,NULL
53,1,52,1,100,318,100,160,-2,-1,-2,-1,-2,-1,-2,-1,-2,-1,-2,-1
53,1,56,1,100,278,100,135,-2,-1,-2,-1,-2,-1,-2,-1,-2,-1,-2,-1
53,1,60,1,100,217,100,315,-2,-1,-2,-1,-2,-1,-2,-1,-2,-1,-2,-1
53,1,62,1,100,20,100,124,-2,-1,-2,-1,-2,-1,-2,-1,-2,-1,-2,-1
55,1,218,1,100,224,100,2,-2,-1,-2,-1,-2,-1,-2,-1,-2,-1,-2,-1
55,1,234,1,100,353,100,130,-2,-1,-2,-1,-2,-1,-2,-1,-2,-1,-2,-1
56,1,2,1,100,288,100,72,-2,-1,-2,-1,-2,-1,-2,-1,-2,-1,-2,-1
56,1,2,1,100,288,100,72,-2,-1,-1,-1,-1,-1,-1,-1,-1,-1,-1,-1
56,1,7,1,100,21,100,104,-2,-1,-2,-1,-2,-1,-2,-1,-2,-1,-2,-1
56,1,7,1,100,21,100,104,-2,-1,-1,-1,-1,-1,-1,-1,-1,-1,-1,-1
56,2,7,1,100,20,100,105,-2,-1,-2,-1,-2,-1,-2,-1,-2,-1,-2,-1
56,1,8,1,100,203,7,99,100,12,-2,-1,-2,-1,-2,-1,-2,-1,-2,-1
56,1,8,1,100,203,7,99,100,12,-2,-1,-1,-1,-1,-1,-1,-1,-1,-1
56,2,8,1,100,212,0,360,100,9,-2,-1,-2,-1,-2,-1,-2,-1,-2,-1
56,1,10,1,100,12,100,173,-2,-1,-2,-1,-2,-1,-2,-1,-2,-1,-2,-1
56,1,10,1,100,12,100,173,-2,-1,-2,-1,-2,-1,-2,-1,-2,-1,-2,-1
56,1,10,3,100,136,100,49,-2,-1,-2,-1,-2,-1,-2,-1,-2,-1,-2,-1
56,1,10,3,100,136,100,49,-2,-1,-2,-1,-2,-1,-2,-1,-2,-1,-2,-1
56,1,50,1,100,13,100,133,-2,-1,-1,-1,-1,-1,-1,-1,-1,-1,-1,-1
56,1,50,1,100,13,100,133,-2,-1,-2,-1,-2,-1,-2,-1,-2,-1,-2,-1
56,1,362,2,100,2,100,192,-2,-1,-2,-1,-2,-1,-2,-1,-2,-1,-2,-1
56,1,362,3,100,127,82,124,100,75,-2,-1,-2,-1,-2,-1,-2,-1,-2,-1
57,1,6,1,100,328,100,123,NULL,NULL,NULL,NULL,NULL,NULL,NULL,NULL,NULL,NULL,NULL,NULL
57,1,6,1,100,328,100,123,NULL,NULL,NULL,NULL,NULL,NULL,NULL,NULL,NULL,NULL,NULL,NULL
57,1,6,3,100,81,100,3,NULL,NULL,NULL,NULL,NULL,NULL,NULL,NULL,NULL,NULL,NULL,NULL
57,1,6,3,100,81,100,3,NULL,NULL,NULL,NULL,NULL,NULL,NULL,NULL,NULL,NULL,NULL,NULL
58,1,2,2,100,44,63,123,40,165,56,269,100,234,-2,-1,-1,-1,-1,-1
58,1,2,2,100,44,63,123,40,165,56,269,100,234,-2,-1,-2,-1,-2,-1
58,1,3,2,100,141,100,348,-2,-1,-2,-1,-2,-1,-2,-1,-2,-1,-2,-1
58,1,3,2,100,141,100,348,-2,-1,-1,-1,-1,-1,-1,-1,-1,-1,-1,-1
58,1,9,1,100,203,100,356,-2,-1,-1,-1,-1,-1,-1,-1,-1,-1,-1,-1
58,1,9,1,100,203,100,356,-2,-1,-2,-1,-2,-1,-2,-1,-2,-1,-2,-1
58,1,10,1,100,216,76,238,100,275,-2,-1,-2,-1,-2,-1,-2,-1,-2,-1
58,1,10,1,100,216,76,238,100,275,-2,-1,-1,-1,-1,-1,-1,-1,-1,-1
58,1,220,2,100,110,34,6,89,3,100,7,-2,-1,-2,-1,-2,-1,-2,-1
58,1,325,1,100,243,100,130,-2,-1,-2,-1,-2,-1,-2,-1,-2,-1,-2,-1
59,1,8,1,100,220,65,189,100,171,NULL,NULL,NULL,NULL,NULL,NULL,NULL,NULL,NULL,NULL
59,1,10,1,100,200,100,42,-2,-1,-1,-1,-1,-1,-1,-1,-1,-1,-1,-1
59,1,10,1,100,200,100,42,-2,-1,-1,-1,-1,-1,-1,-1,-1,-1,-1,-1
59,1,325,1,100,303,14,61,100,165,-2,-1,-2,-1,-2,-1,-2,-1,-2,-1
59,1,815,1,100,247,76,242,32,230,100,353,-2,-1,-2,-1,-2,-1,-2,-1
60,1,2,2,100,40,100,181,NULL,NULL,NULL,NULL,NULL,NULL,NULL,NULL,NULL,NULL,NULL,NULL
60,1,2,2,100,40,100,181,-2,-1,-2,-1,-2,-1,-2,-1,-2,-1,-2,-1
60,1,8,2,100,329,100,199,-1,-1,-1,-1,-1,-1,NULL,NULL,NULL,NULL,NULL,NULL
60,1,8,2,100,329,100,199,NULL,NULL,NULL,NULL,NULL,NULL,NULL,NULL,NULL,NULL,NULL,NULL
60,1,9,1,100,250,100,79,-1,-1,-1,-1,-1,-1,NULL,NULL,NULL,NULL,NULL,NULL
60,1,9,1,100,250,100,79,NULL,NULL,NULL,NULL,NULL,NULL,NULL,NULL,NULL,NULL,NULL,NULL
60,1,60,1,100,279,81,112,100,113,-2,-1,-2,-1,-2,-1,-2,-1,-2,-1
60,1,60,1,100,279,81,112,100,113,-2,-1,-2,-1,-2,-1,-2,-1,-2,-1
60,1,294,2,100,36,32,58,100,192,-2,-1,-2,-1,-2,-1,-2,-1,-2,-1
61,1,50,2,100,157,100,311,-2,-1,-2,-1,-2,-1,-2,-1,-2,-1,-2,-1
61,1,50,2,100,157,100,311,-2,-1,-1,-1,-1,-1,-1,-1,-1,-1,-1,-1
61,1,61,2,100,24,100,229,-2,-1,-1,-1,-1,-1,-1,-1,-1,-1,-1,-1
61,1,61,2,100,24,100,229,-2,-1,-2,-1,-2,-1,-2,-1,-2,-1,-2,-1
61,1,62,1,100,321,68,98,100,165,-2,-1,-2,-1,-2,-1,-2,-1,-2,-1
61,1,62,1,100,321,68,98,100,165,-2,-1,-1,-1,-1,-1,-1,-1,-1,-1
61,1,250,2,100,89,28,88,45,175,86,242,73,266,32,242,22,325,100,79
61,1,250,3,100,66,69,50,65,292,100,265,-2,-1,-2,-1,-2,-1,-2,-1
61,1,259,2,100,286,100,187,-2,-1,-2,-1,-2,-1,-2,-1,-2,-1,-2,-1
61,1,399,2,100,278,54,236,100,185,-2,-1,-2,-1,-2,-1,-2,-1,-2,-1
61,1,810,1,100,273,69,130,95,110,100,90,-2,-1,-2,-1,-2,-1,-2,-1
62,1,51,1,100,183,100,14,NULL,NULL,NULL,NULL,NULL,NULL,NULL,NULL,NULL,NULL,NULL,NULL
63,1,2,2,100,99,100,303,100,352,100,57,-2,-1,-1,-1,-1,-1,-1,-1
63,1,2,2,100,99,100,303,100,352,100,57,-2,-1,-2,-1,-2,-1,-2,-1
63,1,6,2,100,128,100,287,-2,-1,-2,-1,-2,-1,-2,-1,-2,-1,-2,-1
63,1,6,2,100,128,100,287,-2,-1,-2,-1,-2,-1,-2,-1,-2,-1,-2,-1
63,1,60,1,100,289,58,244,75,165,100,160,-2,-1,-1,-1,-1,-1,-1,-1
63,1,60,1,100,289,58,244,75,165,100,160,-2,-1,-2,-1,-2,-1,-2,-1
64,1,1,2,100,43,75,298,100,253,-2,-1,-1,-1,-1,-1,-1,-1,-1,-1
64,1,1,2,100,43,75,298,100,253,-2,-1,-1,-1,-1,-1,-1,-1,-1,-1
64,1,2,1,100,224,65,175,100,152,-2,-1,-1,-1,-1,-1,-1,-1,-1,-1
64,1,2,1,100,224,65,175,100,152,-2,-1,-1,-1,-1,-1,-1,-1,-1,-1
64,1,3,1,100,181,100,98,-2,-1,-1,-1,-1,-1,-1,-1,-1,-1,-1,-1
64,1,3,1,100,181,100,98,-2,-1,-1,-1,-1,-1,-1,-1,-1,-1,-1,-1
64,1,11,2,100,322,100,181,-2,-1,-1,-1,-1,-1,-1,-1,-1,-1,-1,-1
64,1,11,2,100,322,100,181,-2,-1,-1,-1,-1,-1,-1,-1,-1,-1,-1,-1
64,1,50,2,100,315,83,330,52,304,100,210,-2,-1,-2,-1,-2,-1,-2,-1
64,1,50,3,100,82,55,139,42,181,52,304,83,330,100,15,-2,-1,-2,-1
64,1,50,4,100,15,83,330,100,315,-2,-1,-2,-1,-2,-1,-2,-1,-2,-1
64,1,52,1,100,87,77,127,63,193,84,198,100,171,-2,-1,-2,-1,-2,-1
64,1,53,1,100,294,62,241,100,165,-2,-1,-2,-1,-2,-1,-2,-1,-2,-1
64,1,53,3,100,89,82,37,100,340,-2,-1,-2,-1,-2,-1,-2,-1,-2,-1
64,1,54,1,100,199,87,243,89,73,100,58,-2,-1,-2,-1,-2,-1,-2,-1
64,1,54,3,100,30,83,35,70,70,20,69,80,17,100,8,-2,-1,-2,-1
65,1,12,1,100,212,100,103,-2,-1,-1,-1,-1,-1,-1,-1,-1,-1,-1,-1
65,1,12,1,100,212,100,103,-2,-1,-1,-1,-1,-1,-1,-1,-1,-1,-1,-1
65,1,12,2,100,335,35,325,70,43,100,53,100,103,100,212,-2,-1,-1,-1
65,1,12,2,100,335,35,325,70,43,100,53,100,103,100,212,-2,-1,-1,-1
65,1,50,1,100,270,100,135,-2,-1,-2,-1,-2,-1,-2,-1,-2,-1,-2,-1
65,1,54,1,100,263,44,279,54,319,100,58,-2,-1,-2,-1,-2,-1,-2,-1
65,1,54,2,100,333,54,319,44,279,100,263,-2,-1,-2,-1,-2,-1,-2,-1
65,1,60,1,100,181,100,4,-2,-1,-2,-1,-2,-1,-2,-1,-2,-1,-2,-1
65,1,61,2,100,274,50,315,64,175,100,212,-2,-1,-2,-1,-2,-1,-2,-1
65,1,62,1,100,267,37,296,100,3,100,31,38,88,100,101,-2,-1,-2,-1
65,1,74,1,100,1,100,108,-2,-1,-2,-1,-2,-1,-2,-1,-2,-1,-2,-1
65,1,76,1,100,293,46,3,100,175,-2,-1,-2,-1,-2,-1,-2,-1,-2,-1
65,1,77,1,100,15,100,171,-2,-1,-2,-1,-2,-1,-2,-1,-2,-1,-2,-1
65,1,81,2,100,50,50,18,100,222,-2,-1,-2,-1,-2,-1,-2,-1,-2,-1
65,1,83,1,100,252,42,200,75,155,100,132,-2,-1,-2,-1,-2,-1,-2,-1
65,1,219,1,100,217,45,205,100,105,-2,-1,-2,-1,-2,-1,-2,-1,-2,-1
65,1,240,1,100,248,62,302,65,348,100,360,-2,-1,-2,-1,-2,-1,-2,-1
65,1,261,1,100,204,22,257,100,125,-2,-1,-2,-1,-2,-1,-2,-1,-2,-1
65,1,279,2,100,114,42,128,32,67,62,34,100,21,-2,-1,-2,-1,-2,-1
65,1,279,3,100,5,75,347,38,242,100,255,-2,-1,-2,-1,-2,-1,-2,-1
65,1,390,1,100,256,100,98,-2,-1,-2,-1,-2,-1,-2,-1,-2,-1,-2,-1
65,1,390,2,100,264,74,308,100,50,100,98,100,256,-2,-1,-2,-1,-2,-1
66,1,289,1,100,184,45,57,100,78,-2,-1,-2,-1,-2,-1,-2,-1,-2,-1
66,1,314,2,100,52,43,326,100,330,-2,-1,-2,-1,-2,-1,-2,-1,-2,-1
66,1,333,2,100,225,30,270,100,341,100,127,76,153,100,187,-2,-1,-2,-1
67,1,1,2,100,28,100,190,-1,-1,-1,-1,-1,-1,NULL,NULL,NULL,NULL,NULL,NULL
67,1,1,2,100,28,100,190,NULL,NULL,NULL,NULL,NULL,NULL,NULL,NULL,NULL,NULL,NULL,NULL
67,1,3,1,100,328,12,260,100,147,NULL,NULL,NULL,NULL,NULL,NULL,NULL,NULL,NULL,NULL
67,1,3,1,100,328,12,260,100,147,NULL,NULL,NULL,NULL,NULL,NULL,NULL,NULL,NULL,NULL
67,1,3,3,100,90,49,90,100,8,NULL,NULL,NULL,NULL,NULL,NULL,NULL,NULL,NULL,NULL
67,1,3,3,100,90,49,90,100,8,NULL,NULL,NULL,NULL,NULL,NULL,NULL,NULL,NULL,NULL
67,1,4,2,100,36,13,356,85,285,100,350,NULL,NULL,NULL,NULL,NULL,NULL,NULL,NULL
67,1,4,2,100,36,13,356,85,285,100,350,-1,-1,NULL,NULL,NULL,NULL,NULL,NULL
67,1,62,1,100,222,100,6,-2,-1,-2,-1,-2,-1,-2,-1,-2,-1,-2,-1
67,1,74,1,100,240,32,3,100,108,-2,-1,-2,-1,-2,-1,-2,-1,-2,-1
67,1,74,2,100,317,32,3,100,240,-2,-1,-2,-1,-2,-1,-2,-1,-2,-1
67,1,80,1,100,303,100,130,-2,-1,-2,-1,-2,-1,-2,-1,-2,-1,-2,-1
67,1,82,1,100,348,74,270,100,148,-2,-1,-2,-1,-2,-1,-2,-1,-2,-1
67,1,85,1,100,340,60,254,100,160,-2,-1,-2,-1,-2,-1,-2,-1,-2,-1
67,1,86,1,100,16,100,135,-2,-1,-2,-1,-2,-1,-2,-1,-2,-1,-2,-1
68,1,63,1,100,290,100,149,-2,-1,-2,-1,-2,-1,-2,-1,-2,-1,-2,-1
68,1,63,1,100,290,100,149,-2,-1,-1,-1,-1,-1,-1,-1,-1,-1,-1,-1
68,1,64,1,100,26,100,117,-2,-1,-1,-1,-1,-1,-1,-1,-1,-1,-1,-1
68,1,64,1,100,26,100,117,-2,-1,-2,-1,-2,-1,-2,-1,-2,-1,-2,-1
68,1,65,1,100,218,100,354,-2,-1,-2,-1,-2,-1,-2,-1,-2,-1,-2,-1
68,1,65,1,100,218,100,354,-2,-1,-1,-1,-1,-1,-1,-1,-1,-1,-1,-1
68,1,244,1,100,218,10,145,59,67,80,33,100,33,-2,-1,-2,-1,-2,-1
69,1,1,2,100,141,100,219,-1,-1,-1,-1,-1,-1,NULL,NULL,NULL,NULL,NULL,NULL
69,1,1,2,100,141,100,219,NULL,NULL,NULL,NULL,NULL,NULL,NULL,NULL,NULL,NULL,NULL,NULL
69,1,2,1,100,185,100,6,NULL,NULL,NULL,NULL,NULL,NULL,NULL,NULL,NULL,NULL,NULL,NULL
69,1,2,1,100,185,100,6,-1,-1,-1,-1,-1,-1,NULL,NULL,NULL,NULL,NULL,NULL
69,1,5,2,100,169,100,268,NULL,NULL,NULL,NULL,NULL,NULL,NULL,NULL,NULL,NULL,NULL,NULL
69,1,6,2,100,82,100,232,NULL,NULL,NULL,NULL,NULL,NULL,NULL,NULL,NULL,NULL,NULL,NULL
69,1,6,2,100,82,100,232,-1,-1,-1,-1,-1,-1,NULL,NULL,NULL,NULL,NULL,NULL
69,1,7,1,100,276,32,16,100,97,NULL,NULL,NULL,NULL,NULL,NULL,NULL,NULL,NULL,NULL
69,1,7,1,100,276,32,16,100,97,-1,-1,-1,-1,NULL,NULL,NULL,NULL,NULL,NULL
69,1,253,1,100,215,45,248,43,19,100,38,-2,-1,-2,-1,-2,-1,-2,-1